{
  "confusion_detection": 0.3980833136804289,
  "caregiver_alert": 0.9633003040680581
}