{
  "confusion_detection": 0.4270270322377139,
  "caregiver_alert": 0.2577242456006786
}